Name,Id,Job Title,PPS Number,Email,Address,Phone Number,Age,Medical Card Holder,Health Insurance Holder,Status,Tax Credits,Password,Number of Household Incomes,Household Higher Earner,Unions,Health Plan Name,Health Plan Type,Hourly Rate Of Pay, Pay Claim Submitted,Date Pay Claim Form Submitted,Hours Worked This Pay Period
Bill Denborough,109,research_fellow,4398634E,billdenborough@gmail.com,Tarbert,0893456213,43,true,true,Lone parent,Single Person Child Carer Credit,password1,1,true,Unite,VHI One Plan 250,Single,28.85,true,2024-11-09,27.00
Roland Deschain,105,lead_instructor,5673421I,rolanddeschain@gmail.com,Glin,0865432167,57,false,false,Single person,Dependent Relative Tax Credit,password1,1,true,Unite,VHI Company Plan Extra,Single,15.65,true,2024-10-05,49.00
John Smith,110,assistant_instructor,8534975B,johnsmith@gmail.com,Castletroy,0858741859,22,false,false,Single person,Employee Tax Credit,password1,1,true,null,VHI One Plan 250,Single,13.10,true,2024-10-24,54.00
John Smith,111,assistant_instructor,8534975B,johnsmith@gmail.com,Castletroy,0858741859,22,false,false,Single person,Employee Tax Credit,password1,1,true,null,VHI One Plan 250,Single,13.10,false,2024-10-04,54.00

